full_name,email,participant_id,hackathon_name
Aditya Sharma,aditya.sharma@gmail.com,TFH-2025-001,TechFusion Hackathon 2025
Rohan Patil,rohan.patil@gmail.com,TFH-2025-002,TechFusion Hackathon 2025
Sneha Kulkarni,sneha.k@gmail.com,TFH-2025-003,TechFusion Hackathon 2025
Aditi Deshmukh,aditi.d@gmail.com,TFH-2025-004,TechFusion Hackathon 2025
Om Joshi,om.joshi@gmail.com,TFH-2025-005,TechFusion Hackathon 2025
Neha More,neha.more@gmail.com,TFH-2025-006,TechFusion Hackathon 2025
Atharva Pawar,atharva.p@gmail.com,TFH-2025-007,TechFusion Hackathon 2025
Sakshi Jadhav,sakshi.j@gmail.com,TFH-2025-008,TechFusion Hackathon 2025
Aniket Gawande,aniket.g@gmail.com,TFH-2025-009,TechFusion Hackathon 2025
Pooja Kale,pooja.k@gmail.com,TFH-2025-010,TechFusion Hackathon 2025
Rahul Joshi,rahul.j@gmail.com,TFH-2025-011,TechFusion Hackathon 2025
Kunal Patil,kunal.p@gmail.com,TFH-2025-012,TechFusion Hackathon 2025
Nikita Desai,nikita.d@gmail.com,TFH-2025-013,TechFusion Hackathon 2025
Aman Verma,aman.v@gmail.com,TFH-2025-014,TechFusion Hackathon 2025
Priya Nair,priya.n@gmail.com,TFH-2025-015,TechFusion Hackathon 2025
Siddharth Mehta,sid.m@gmail.com,TFH-2025-016,TechFusion Hackathon 2025
Isha Kulkarni,isha.k@gmail.com,TFH-2025-017,TechFusion Hackathon 2025
Yash Pawar,yash.p@gmail.com,TFH-2025-018,TechFusion Hackathon 2025
Tanvi Jadhav,tanvi.j@gmail.com,TFH-2025-019,TechFusion Hackathon 2025
Harsh Shah,harsh.s@gmail.com,TFH-2025-020,TechFusion Hackathon 2025
